True,YOLOv5,MediaPipe,Combined
A,A,A,A
A,A,A,A
A,A,A,A
A,A,A,A
A,A,A,A
A,A,A,A
A,A,A,A
A,A,A,A
A,A,A,A
A,A,A,A
A,A,None,A
A,A,A,A
A,A,A,A
A,A,A,A
A,A,A,A
A,A,A,A
A,A,A,A
A,A,A,A
A,A,A,A
A,A,A,A
A,A,None,A
A,A,A,A
A,A,A,A
A,A,None,A
A,A,A,A
A,A,A,A
A,A,A,A
A,A,A,A
A,A,None,A
A,A,A,A
A,A,A,A
A,A,A,A
A,A,A,A
A,A,A,A
A,A,A,A
A,A,A,A
A,A,None,A
A,A,A,A
A,A,A,A
A,A,A,A
A,A,A,A
A,A,A,A
A,A,A,A
A,A,None,A
A,A,A,A
A,A,A,A
A,A,A,A
A,A,A,A
A,A,A,A
A,A,A,A
A,A,A,A
A,A,A,A
A,A,A,A
A,A,A,A
A,A,A,A
A,A,A,A
A,A,A,A
A,A,A,A
A,A,A,A
A,A,A,A
A,A,A,A
A,A,A,A
A,A,None,A
A,A,A,A
A,A,A,A
A,A,None,A
A,A,A,A
A,A,A,A
A,A,A,A
A,A,A,A
A,A,A,A
A,A,A,A
A,A,A,A
A,A,A,A
A,A,A,A
A,A,A,A
A,A,A,A
A,A,A,A
A,A,A,A
A,A,A,A
A,A,A,A
A,A,A,A
A,A,A,A
A,A,A,A
A,A,A,A
A,A,A,A
A,A,A,A
A,A,A,A
A,A,A,A
A,A,A,A
A,A,A,A
A,A,A,A
A,A,A,A
A,None,N,N
A,A,A,A
A,A,A,A
A,A,A,A
A,A,A,A
A,A,A,A
A,A,A,A
B,B,B,B
B,B,None,B
B,B,B,B
B,B,B,B
B,B,B,B
B,B,None,B
B,B,B,B
B,B,B,B
B,B,B,B
B,B,B,B
B,B,B,B
B,None,B,B
B,B,B,B
B,B,B,B
B,None,B,B
B,None,B,B
B,B,W,Mismatch
B,B,B,B
B,None,None,None
B,B,B,B
B,None,B,B
B,B,B,B
B,B,B,B
B,B,B,B
B,B,B,B
B,B,B,B
B,B,B,B
B,B,B,B
B,B,B,B
B,B,B,B
B,None,B,B
B,B,None,B
B,B,B,B
B,B,B,B
B,B,B,B
B,B,B,B
B,B,None,B
B,B,None,B
B,None,B,B
B,B,B,B
B,B,B,B
B,B,B,B
B,None,B,B
B,B,B,B
B,B,B,B
B,B,B,B
B,B,B,B
B,B,None,B
B,B,B,B
B,B,B,B
B,B,B,B
B,B,B,B
B,None,B,B
B,B,B,B
B,B,B,B
B,B,B,B
B,None,B,B
B,B,B,B
B,B,B,B
B,B,B,B
B,B,B,B
B,B,B,B
B,B,B,B
B,None,B,B
B,B,B,B
B,B,B,B
B,B,None,B
B,B,B,B
B,B,B,B
B,B,B,B
B,B,B,B
B,B,B,B
B,B,B,B
B,B,B,B
B,B,B,B
B,B,B,B
B,B,None,B
B,B,B,B
B,None,None,None
B,B,B,B
B,B,B,B
B,B,B,B
B,B,B,B
B,B,B,B
B,None,B,B
B,B,B,B
B,B,B,B
B,B,B,B
B,B,B,B
B,B,B,B
B,B,None,B
B,B,B,B
B,B,B,B
B,B,B,B
B,B,B,B
B,B,B,B
B,B,B,B
B,None,B,B
B,B,B,B
B,B,B,B
C,C,C,C
C,C,C,C
C,C,C,C
C,C,C,C
C,C,C,C
C,C,C,C
C,C,C,C
C,C,C,C
C,C,C,C
C,C,C,C
C,C,C,C
C,C,C,C
C,C,C,C
C,None,C,C
C,C,C,C
C,C,C,C
C,C,C,C
C,C,C,C
C,C,C,C
C,C,C,C
C,C,C,C
C,C,C,C
C,C,C,C
C,C,C,C
C,C,C,C
C,C,C,C
C,C,C,C
C,C,C,C
C,None,C,C
C,C,C,C
C,C,None,C
C,C,C,C
C,C,C,C
C,C,C,C
C,C,C,C
C,C,C,C
C,C,C,C
C,C,C,C
C,C,C,C
C,C,C,C
C,C,C,C
C,C,C,C
C,C,C,C
C,C,C,C
C,C,None,C
C,C,None,C
C,C,C,C
C,C,C,C
C,C,None,C
C,C,C,C
C,C,C,C
C,C,C,C
C,C,None,C
C,C,C,C
C,C,C,C
C,C,C,C
C,C,C,C
C,C,C,C
C,C,C,C
C,C,C,C
C,C,C,C
C,C,C,C
C,C,C,C
C,C,C,C
C,C,C,C
C,None,C,C
C,C,C,C
C,C,None,C
C,None,C,C
C,C,C,C
C,None,C,C
C,C,C,C
C,C,C,C
C,C,C,C
C,C,C,C
C,C,C,C
C,C,C,C
C,C,C,C
C,C,C,C
C,C,C,C
C,C,C,C
C,C,C,C
C,C,C,C
C,C,C,C
C,C,C,C
C,C,C,C
C,C,C,C
C,None,C,C
C,C,C,C
C,C,C,C
C,C,C,C
C,C,C,C
C,C,C,C
C,C,None,C
C,C,C,C
C,C,C,C
C,C,C,C
C,C,C,C
C,C,C,C
C,C,None,C
D,None,None,None
D,D,D,D
D,D,D,D
D,D,D,D
D,D,D,D
D,None,None,None
D,D,D,D
D,D,D,D
D,D,D,D
D,D,D,D
D,D,D,D
D,D,D,D
D,D,None,D
D,None,D,D
D,D,D,D
D,None,None,None
D,D,D,D
D,D,D,D
D,None,D,D
D,None,D,D
D,D,D,D
D,None,None,None
D,None,D,D
D,D,D,D
D,None,D,D
D,None,D,D
D,None,D,D
D,D,D,D
D,D,D,D
D,D,D,D
D,D,D,D
D,D,D,D
D,D,D,D
D,None,D,D
D,D,D,D
D,D,D,D
D,D,None,D
D,D,None,D
D,None,D,D
D,D,D,D
D,D,D,D
D,None,None,None
D,None,None,None
D,D,D,D
D,D,None,D
D,D,D,D
D,None,D,D
D,None,D,D
D,D,D,D
D,D,D,D
D,D,None,D
D,None,D,D
D,D,D,D
D,None,D,D
D,D,D,D
D,D,D,D
D,D,D,D
D,None,D,D
D,D,D,D
D,None,D,D
D,D,D,D
D,D,D,D
D,D,D,D
D,D,D,D
D,D,D,D
D,D,D,D
D,D,None,D
D,None,D,D
D,D,D,D
D,D,D,D
D,D,D,D
D,D,None,D
D,None,None,None
D,D,D,D
D,D,D,D
D,None,D,D
D,D,D,D
D,D,None,D
D,None,None,None
D,None,D,D
D,D,None,D
D,D,E,Mismatch
D,D,D,D
D,D,D,D
D,D,D,D
D,None,None,None
D,D,D,D
D,None,D,D
D,D,D,D
D,D,D,D
D,D,D,D
D,D,D,D
D,D,D,D
D,D,D,D
D,D,D,D
D,D,D,D
D,None,D,D
D,D,D,D
D,D,D,D
D,D,D,D
E,E,E,E
E,E,None,E
E,E,E,E
E,E,E,E
E,E,None,E
E,E,E,E
E,E,E,E
E,E,E,E
E,E,E,E
E,E,E,E
E,E,E,E
E,E,E,E
E,E,E,E
E,E,E,E
E,E,E,E
E,E,None,E
E,E,E,E
E,E,E,E
E,E,E,E
E,E,E,E
E,E,None,E
E,E,E,E
E,E,E,E
E,E,E,E
E,E,E,E
E,E,E,E
E,E,E,E
E,E,E,E
E,E,E,E
E,E,E,E
E,E,E,E
E,E,None,E
E,E,E,E
E,E,E,E
E,E,E,E
E,E,None,E
E,E,E,E
E,E,E,E
E,E,E,E
E,E,E,E
E,E,E,E
E,E,None,E
E,E,E,E
E,E,E,E
E,E,None,E
E,E,E,E
E,E,E,E
E,E,E,E
E,E,E,E
E,E,None,E
E,E,E,E
E,E,E,E
E,E,None,E
E,E,E,E
E,E,E,E
E,E,None,E
E,E,E,E
E,E,E,E
E,E,E,E
E,E,None,E
E,E,E,E
E,E,E,E
E,E,None,E
E,E,E,E
E,E,E,E
E,E,None,E
E,E,E,E
E,E,E,E
E,E,E,E
E,E,None,E
E,E,E,E
E,E,E,E
E,E,E,E
E,E,None,E
E,E,None,E
E,E,None,E
E,E,E,E
E,E,E,E
E,E,E,E
E,E,E,E
E,E,None,E
E,E,E,E
E,E,None,E
E,E,E,E
E,E,E,E
E,E,None,E
E,None,E,E
E,E,E,E
E,E,E,E
E,E,M,Mismatch
E,E,E,E
E,E,E,E
E,E,E,E
E,E,E,E
E,E,E,E
E,E,E,E
E,E,E,E
E,E,None,E
E,E,None,E
E,None,None,None
F,F,F,F
F,F,F,F
F,F,F,F
F,F,F,F
F,F,None,F
F,F,F,F
F,F,None,F
F,F,F,F
F,F,F,F
F,None,None,None
F,F,F,F
F,None,None,None
F,F,F,F
F,F,F,F
F,None,None,None
F,F,F,F
F,F,F,F
F,F,F,F
F,F,F,F
F,F,F,F
F,F,F,F
F,F,F,F
F,F,F,F
F,F,F,F
F,None,F,F
F,F,F,F
F,F,F,F
F,F,F,F
F,F,F,F
F,F,F,F
F,F,F,F
F,F,F,F
F,F,F,F
F,F,F,F
F,F,None,F
F,F,F,F
F,F,F,F
F,F,F,F
F,F,F,F
F,F,F,F
F,F,F,F
F,F,F,F
F,F,None,F
F,F,F,F
F,F,F,F
F,F,F,F
F,F,F,F
F,F,F,F
F,F,None,F
F,F,F,F
F,F,F,F
F,F,F,F
F,F,F,F
F,F,F,F
F,F,F,F
F,F,F,F
F,F,F,F
F,F,F,F
F,F,F,F
F,F,F,F
F,F,F,F
F,F,F,F
F,None,None,None
F,F,F,F
F,F,F,F
F,F,F,F
F,F,F,F
F,F,F,F
F,F,F,F
F,F,F,F
F,F,F,F
F,F,F,F
F,None,F,F
F,F,F,F
F,F,F,F
F,F,F,F
F,F,F,F
F,F,F,F
F,F,F,F
F,F,F,F
F,F,F,F
F,F,F,F
F,F,F,F
F,F,F,F
F,F,F,F
F,F,F,F
F,F,F,F
F,F,F,F
F,F,None,F
F,F,F,F
F,F,F,F
F,F,F,F
F,F,F,F
F,F,F,F
F,F,F,F
F,F,F,F
F,F,F,F
F,F,F,F
F,F,F,F
F,F,F,F
G,G,G,G
G,G,G,G
G,G,G,G
G,None,G,G
G,G,G,G
G,G,G,G
G,G,G,G
G,G,G,G
G,None,G,G
G,G,G,G
G,G,G,G
G,G,G,G
G,G,G,G
G,G,G,G
G,None,G,G
G,G,G,G
G,G,G,G
G,G,G,G
G,G,G,G
G,G,G,G
G,None,G,G
G,G,G,G
G,None,G,G
G,G,G,G
G,None,G,G
G,G,G,G
G,None,G,G
G,None,G,G
G,G,G,G
G,None,G,G
G,G,G,G
G,None,G,G
G,G,G,G
G,G,G,G
G,None,G,G
G,None,G,G
G,None,G,G
G,G,G,G
G,None,G,G
G,G,G,G
G,None,G,G
G,None,G,G
G,G,G,G
G,G,G,G
G,G,G,G
G,G,G,G
G,G,G,G
G,G,G,G
G,None,G,G
G,G,G,G
G,G,G,G
G,None,G,G
G,G,G,G
G,None,None,None
G,G,G,G
G,G,G,G
G,G,G,G
G,G,G,G
G,G,G,G
G,G,G,G
G,None,G,G
G,G,G,G
G,None,G,G
G,G,G,G
G,None,G,G
G,G,G,G
G,None,G,G
G,None,G,G
G,G,G,G
G,None,G,G
G,None,G,G
G,G,G,G
G,G,G,G
G,None,G,G
G,None,G,G
G,None,G,G
G,G,G,G
G,None,G,G
G,G,G,G
G,G,G,G
G,G,G,G
G,G,G,G
G,None,G,G
G,None,G,G
G,None,G,G
G,G,G,G
G,None,G,G
G,G,G,G
G,G,G,G
G,None,None,None
G,G,G,G
G,G,G,G
G,G,G,G
G,G,G,G
G,G,G,G
G,G,G,G
G,G,G,G
G,None,G,G
G,G,G,G
G,G,G,G
H,H,H,H
H,None,H,H
H,None,H,H
H,H,H,H
H,None,H,H
H,None,H,H
H,H,H,H
H,H,H,H
H,H,H,H
H,None,H,H
H,H,H,H
H,H,H,H
H,H,H,H
H,H,None,H
H,H,H,H
H,H,H,H
H,H,H,H
H,None,H,H
H,H,H,H
H,H,H,H
H,H,H,H
H,H,H,H
H,H,H,H
H,H,H,H
H,H,H,H
H,H,None,H
H,H,H,H
H,H,H,H
H,H,H,H
H,H,H,H
H,H,H,H
H,None,H,H
H,O,H,Mismatch
H,H,H,H
H,None,H,H
H,H,H,H
H,None,H,H
H,H,H,H
H,H,H,H
H,None,H,H
H,H,H,H
H,None,T,T
H,H,H,H
H,H,H,H
H,H,H,H
H,H,H,H
H,H,H,H
H,None,H,H
H,None,H,H
H,H,H,H
H,H,H,H
H,H,H,H
H,H,H,H
H,H,H,H
H,H,H,H
H,H,H,H
H,H,H,H
H,H,H,H
H,None,H,H
H,H,H,H
H,H,H,H
H,H,H,H
H,H,H,H
H,H,H,H
H,H,H,H
H,H,H,H
H,H,H,H
H,H,H,H
H,H,H,H
H,H,H,H
H,H,H,H
H,H,H,H
H,H,None,H
H,None,H,H
H,None,H,H
H,H,H,H
H,H,H,H
H,None,H,H
H,H,H,H
H,H,H,H
H,None,H,H
H,H,H,H
H,H,H,H
H,H,H,H
H,H,H,H
H,H,H,H
H,H,H,H
H,H,H,H
H,H,H,H
H,H,H,H
H,None,H,H
H,H,H,H
H,H,H,H
H,H,H,H
H,None,H,H
H,None,H,H
H,H,H,H
H,H,H,H
H,H,H,H
H,H,H,H
I,I,I,I
I,I,I,I
I,I,I,I
I,I,I,I
I,I,I,I
I,I,I,I
I,I,I,I
I,I,I,I
I,I,I,I
I,I,I,I
I,I,I,I
I,I,None,I
I,None,I,I
I,I,I,I
I,I,I,I
I,I,I,I
I,I,I,I
I,None,I,I
I,I,I,I
I,I,I,I
I,I,I,I
I,None,I,I
I,I,I,I
I,I,I,I
I,None,I,I
I,I,I,I
I,I,I,I
I,I,I,I
I,None,I,I
I,None,I,I
I,I,I,I
I,I,I,I
I,I,I,I
I,I,None,I
I,I,I,I
I,I,I,I
I,None,I,I
I,I,I,I
I,I,I,I
I,I,I,I
I,I,I,I
I,I,I,I
I,None,I,I
I,None,I,I
I,None,None,None
I,I,I,I
I,None,I,I
I,I,I,I
I,I,None,I
I,None,I,I
I,I,I,I
I,I,I,I
I,I,I,I
I,I,I,I
I,I,I,I
I,I,I,I
I,I,I,I
I,None,I,I
I,I,I,I
I,I,I,I
I,I,I,I
I,I,I,I
I,I,I,I
I,I,I,I
I,I,I,I
I,I,I,I
I,I,I,I
I,I,I,I
I,None,I,I
I,I,I,I
I,I,I,I
I,I,I,I
I,I,None,I
I,I,None,I
I,I,I,I
I,I,I,I
I,None,I,I
I,I,I,I
I,I,I,I
I,None,I,I
I,I,I,I
I,I,I,I
I,I,I,I
I,I,None,I
I,I,I,I
I,I,I,I
I,I,I,I
I,I,I,I
I,I,I,I
I,I,I,I
I,I,I,I
I,I,I,I
I,I,None,I
I,I,I,I
I,I,I,I
I,I,I,I
I,I,I,I
I,I,I,I
I,I,None,I
I,I,I,I
J,J,Q,Mismatch
J,J,J,J
J,J,J,J
J,J,J,J
J,J,J,J
J,J,J,J
J,J,J,J
J,J,J,J
J,J,J,J
J,J,J,J
J,J,J,J
J,J,J,J
J,J,J,J
J,J,J,J
J,J,J,J
J,J,J,J
J,J,J,J
J,J,J,J
J,J,J,J
J,J,J,J
J,J,J,J
J,J,None,J
J,J,J,J
J,J,J,J
J,J,J,J
J,J,None,J
J,J,J,J
J,J,J,J
J,J,J,J
J,J,J,J
J,J,J,J
J,J,J,J
J,J,J,J
J,J,J,J
J,J,None,J
J,J,J,J
J,J,J,J
J,None,J,J
J,J,J,J
J,J,J,J
J,J,J,J
J,J,J,J
J,J,J,J
J,J,J,J
J,J,J,J
J,J,J,J
J,J,J,J
J,J,J,J
J,J,J,J
J,J,J,J
J,J,J,J
J,J,J,J
J,J,J,J
J,J,J,J
J,G,None,G
J,J,J,J
J,J,J,J
J,J,J,J
J,J,J,J
J,J,J,J
J,None,J,J
J,J,None,J
J,J,J,J
J,None,J,J
J,J,J,J
J,J,None,J
J,J,J,J
J,J,J,J
J,J,None,J
J,J,J,J
J,J,J,J
J,J,J,J
J,J,J,J
J,J,J,J
J,J,J,J
J,J,J,J
J,J,J,J
J,J,J,J
J,J,J,J
J,J,J,J
J,J,J,J
J,J,J,J
J,None,J,J
J,J,J,J
J,J,J,J
J,J,J,J
J,J,J,J
J,J,J,J
J,J,J,J
J,J,J,J
J,J,None,J
J,J,J,J
J,J,J,J
J,J,J,J
J,J,J,J
J,J,J,J
J,J,J,J
J,None,None,None
J,J,J,J
J,J,J,J
K,K,K,K
K,None,K,K
K,K,K,K
K,K,None,K
K,None,K,K
K,K,K,K
K,K,K,K
K,None,K,K
K,K,K,K
K,K,K,K
K,K,K,K
K,K,K,K
K,K,K,K
K,K,K,K
K,K,K,K
K,K,K,K
K,K,K,K
K,K,K,K
K,K,None,K
K,K,K,K
K,K,K,K
K,K,K,K
K,K,None,K
K,K,K,K
K,None,None,None
K,K,K,K
K,None,K,K
K,K,None,K
K,None,K,K
K,K,K,K
K,None,K,K
K,None,K,K
K,K,K,K
K,None,K,K
K,K,K,K
K,None,K,K
K,K,K,K
K,K,K,K
K,None,K,K
K,K,K,K
K,None,K,K
K,None,K,K
K,K,K,K
K,K,K,K
K,K,K,K
K,K,K,K
K,K,K,K
K,K,K,K
K,K,K,K
K,K,None,K
K,K,K,K
K,K,K,K
K,K,K,K
K,K,K,K
K,K,K,K
K,K,K,K
K,K,K,K
K,None,K,K
K,None,K,K
K,K,K,K
K,K,K,K
K,K,K,K
K,K,K,K
K,K,K,K
K,None,K,K
K,K,K,K
K,K,K,K
K,None,K,K
K,None,X,X
K,None,K,K
K,K,K,K
K,K,K,K
K,K,K,K
K,K,K,K
K,K,K,K
K,None,None,None
K,None,None,None
K,K,K,K
K,K,K,K
K,K,K,K
K,K,K,K
K,None,K,K
K,None,K,K
K,None,K,K
K,None,K,K
K,K,K,K
K,K,K,K
K,K,K,K
K,K,K,K
K,None,K,K
K,K,K,K
K,K,K,K
K,K,K,K
K,K,K,K
K,None,K,K
K,K,K,K
K,K,K,K
K,K,K,K
K,None,K,K
K,K,K,K
L,L,L,L
L,L,L,L
L,L,L,L
L,L,L,L
L,L,None,L
L,L,L,L
L,L,L,L
L,None,L,L
L,L,L,L
L,L,L,L
L,L,L,L
L,L,L,L
L,L,L,L
L,L,L,L
L,L,L,L
L,L,L,L
L,L,None,L
L,L,L,L
L,L,L,L
L,L,L,L
L,L,L,L
L,L,L,L
L,L,L,L
L,L,L,L
L,None,L,L
L,L,L,L
L,L,L,L
L,L,L,L
L,L,L,L
L,L,L,L
L,L,None,L
L,L,L,L
L,L,L,L
L,L,L,L
L,None,L,L
L,None,L,L
L,L,L,L
L,L,L,L
L,L,L,L
L,L,L,L
L,L,None,L
L,L,L,L
L,L,L,L
L,L,L,L
L,L,L,L
L,L,L,L
L,L,L,L
L,L,L,L
L,L,L,L
L,L,L,L
L,L,L,L
L,None,None,None
L,L,L,L
L,L,L,L
L,L,L,L
L,L,None,L
L,None,L,L
L,L,L,L
L,L,L,L
L,L,L,L
L,L,L,L
L,L,L,L
L,L,L,L
L,None,L,L
L,L,L,L
L,L,L,L
L,L,L,L
L,L,L,L
L,L,L,L
L,L,L,L
L,L,L,L
L,L,L,L
L,L,L,L
L,L,L,L
L,L,L,L
L,L,L,L
L,L,L,L
L,L,L,L
L,L,L,L
L,L,L,L
L,L,L,L
L,L,L,L
L,L,L,L
L,None,L,L
L,L,L,L
L,L,L,L
L,L,L,L
L,L,L,L
L,L,L,L
L,L,L,L
L,L,L,L
L,None,None,None
L,L,L,L
L,L,L,L
L,L,L,L
L,L,L,L
L,L,L,L
L,L,L,L
L,L,L,L
L,L,L,L
M,M,M,M
M,M,M,M
M,M,M,M
M,None,M,M
M,None,None,None
M,None,M,M
M,M,M,M
M,None,M,M
M,M,M,M
M,M,M,M
M,M,M,M
M,M,M,M
M,M,M,M
M,M,M,M
M,M,M,M
M,None,M,M
M,M,None,M
M,M,M,M
M,M,M,M
M,None,M,M
M,M,M,M
M,M,M,M
M,M,M,M
M,M,None,M
M,None,M,M
M,M,M,M
M,M,M,M
M,None,M,M
M,M,M,M
M,M,None,M
M,M,M,M
M,M,M,M
M,M,None,M
M,M,M,M
M,M,M,M
M,M,None,M
M,M,M,M
M,M,M,M
M,M,M,M
M,M,M,M
M,M,None,M
M,M,None,M
M,M,M,M
M,M,M,M
M,M,M,M
M,M,M,M
M,M,M,M
M,M,M,M
M,None,M,M
M,M,M,M
M,M,M,M
M,M,M,M
M,M,M,M
M,M,None,M
M,M,M,M
M,None,M,M
M,M,M,M
M,M,M,M
M,M,M,M
M,None,None,None
M,M,M,M
M,M,None,M
M,M,M,M
M,M,None,M
M,M,M,M
M,M,M,M
M,M,None,M
M,None,M,M
M,M,M,M
M,M,M,M
M,M,M,M
M,None,M,M
M,M,M,M
M,M,M,M
M,None,M,M
M,M,M,M
M,M,M,M
M,M,M,M
M,M,None,M
M,M,M,M
M,M,M,M
M,None,M,M
M,M,M,M
M,M,M,M
M,M,M,M
M,M,M,M
M,M,M,M
M,M,M,M
M,M,M,M
M,M,M,M
M,None,M,M
M,M,M,M
M,M,M,M
M,M,M,M
M,M,M,M
M,M,M,M
M,None,M,M
M,M,M,M
M,M,M,M
M,M,None,M
N,N,N,N
N,N,N,N
N,N,N,N
N,N,N,N
N,N,N,N
N,N,N,N
N,N,N,N
N,N,N,N
N,N,N,N
N,N,N,N
N,None,N,N
N,N,N,N
N,N,N,N
N,N,N,N
N,None,N,N
N,N,N,N
N,N,N,N
N,N,N,N
N,N,N,N
N,N,N,N
N,N,N,N
N,N,N,N
N,N,N,N
N,N,N,N
N,N,N,N
N,N,N,N
N,N,N,N
N,N,N,N
N,N,None,N
N,None,N,N
N,N,N,N
N,N,None,N
N,N,N,N
N,N,N,N
N,N,N,N
N,N,N,N
N,N,N,N
N,N,N,N
N,N,N,N
N,N,N,N
N,N,N,N
N,N,N,N
N,N,N,N
N,N,N,N
N,N,N,N
N,None,None,None
N,N,N,N
N,N,N,N
N,N,N,N
N,N,N,N
N,N,N,N
N,N,N,N
N,N,N,N
N,None,N,N
N,N,N,N
N,N,None,N
N,N,None,N
N,N,N,N
N,N,N,N
N,N,N,N
N,N,N,N
N,N,N,N
N,N,N,N
N,N,N,N
N,N,N,N
N,N,N,N
N,None,None,None
N,N,N,N
N,N,N,N
N,N,N,N
N,N,N,N
N,N,N,N
N,N,N,N
N,N,N,N
N,N,N,N
N,N,N,N
N,N,N,N
N,None,N,N
N,N,N,N
N,None,None,None
N,N,N,N
N,N,N,N
N,None,N,N
N,N,N,N
N,N,N,N
N,None,N,N
N,N,N,N
N,N,N,N
N,N,N,N
N,N,N,N
N,N,N,N
N,N,N,N
N,N,N,N
N,N,N,N
N,N,N,N
N,N,N,N
N,N,N,N
N,N,N,N
N,N,N,N
N,N,N,N
O,O,O,O
O,O,O,O
O,O,O,O
O,O,O,O
O,O,O,O
O,O,O,O
O,O,O,O
O,O,O,O
O,O,O,O
O,O,O,O
O,O,O,O
O,O,None,O
O,O,O,O
O,O,O,O
O,O,O,O
O,O,O,O
O,O,O,O
O,O,None,O
O,O,O,O
O,O,O,O
O,O,O,O
O,O,O,O
O,O,O,O
O,O,O,O
O,O,O,O
O,O,O,O
O,O,O,O
O,O,O,O
O,O,O,O
O,O,O,O
O,O,O,O
O,O,O,O
O,O,O,O
O,O,O,O
O,O,O,O
O,O,O,O
O,O,O,O
O,None,O,O
O,O,O,O
O,O,O,O
O,O,O,O
O,O,O,O
O,O,O,O
O,O,O,O
O,O,O,O
O,O,O,O
O,O,O,O
O,O,O,O
O,None,O,O
O,O,O,O
O,O,O,O
O,O,O,O
O,O,O,O
O,O,O,O
O,O,O,O
O,O,O,O
O,O,O,O
O,O,O,O
O,O,O,O
O,O,O,O
O,O,O,O
O,O,O,O
O,O,O,O
O,O,O,O
O,O,O,O
O,O,O,O
O,O,O,O
O,O,O,O
O,O,O,O
O,O,O,O
O,O,O,O
O,O,O,O
O,O,O,O
O,O,O,O
O,O,O,O
O,O,O,O
O,O,O,O
O,O,O,O
O,O,O,O
O,O,O,O
O,O,O,O
O,O,O,O
O,O,O,O
O,O,O,O
O,O,O,O
O,O,O,O
O,O,O,O
O,O,O,O
O,O,O,O
O,O,O,O
O,O,O,O
O,O,None,O
O,O,O,O
O,O,O,O
O,O,None,O
O,O,O,O
O,O,O,O
O,O,O,O
O,O,O,O
O,O,O,O
P,P,P,P
P,P,P,P
P,None,P,P
P,P,None,P
P,P,P,P
P,P,P,P
P,P,P,P
P,P,P,P
P,P,P,P
P,P,P,P
P,P,P,P
P,P,P,P
P,P,P,P
P,P,P,P
P,P,P,P
P,None,P,P
P,P,P,P
P,P,P,P
P,None,None,None
P,P,P,P
P,P,P,P
P,P,P,P
P,P,None,P
P,P,P,P
P,P,P,P
P,P,P,P
P,P,P,P
P,P,P,P
P,P,P,P
P,P,P,P
P,P,P,P
P,P,P,P
P,P,P,P
P,P,P,P
P,P,P,P
P,P,P,P
P,P,P,P
P,P,P,P
P,P,P,P
P,P,P,P
P,P,P,P
P,P,None,P
P,P,P,P
P,P,P,P
P,P,P,P
P,P,P,P
P,P,P,P
P,P,P,P
P,P,P,P
P,P,P,P
P,P,P,P
P,P,P,P
P,P,P,P
P,P,P,P
P,P,P,P
P,P,P,P
P,P,P,P
P,P,P,P
P,P,P,P
P,P,P,P
P,P,P,P
P,P,P,P
P,P,P,P
P,P,P,P
P,P,P,P
P,P,P,P
P,P,P,P
P,P,P,P
P,P,P,P
P,P,P,P
P,P,P,P
P,P,None,P
P,P,P,P
P,P,P,P
P,P,P,P
P,P,P,P
P,P,P,P
P,P,P,P
P,P,P,P
P,P,None,P
P,P,None,P
P,X,None,X
P,P,P,P
P,P,P,P
P,P,P,P
P,P,P,P
P,P,P,P
P,P,P,P
P,P,P,P
P,P,P,P
P,P,P,P
P,P,P,P
P,P,P,P
P,P,P,P
P,P,P,P
P,P,P,P
P,P,P,P
P,P,P,P
P,P,None,P
P,P,P,P
Q,Q,Q,Q
Q,Q,Q,Q
Q,Q,Q,Q
Q,Q,Q,Q
Q,Q,Q,Q
Q,Q,Q,Q
Q,Q,Q,Q
Q,Q,Q,Q
Q,Q,Q,Q
Q,Q,None,Q
Q,None,None,None
Q,Q,Q,Q
Q,Q,Q,Q
Q,Q,Q,Q
Q,Q,Q,Q
Q,Q,Q,Q
Q,Q,Q,Q
Q,Q,None,Q
Q,Q,Q,Q
Q,Q,Q,Q
Q,P,Q,Mismatch
Q,Q,Q,Q
Q,None,Q,Q
Q,Q,Q,Q
Q,Q,Q,Q
Q,Q,None,Q
Q,Q,None,Q
Q,Q,Q,Q
Q,Q,Q,Q
Q,Q,Q,Q
Q,Q,None,Q
Q,Q,Q,Q
Q,Q,Q,Q
Q,Q,Q,Q
Q,Q,Q,Q
Q,Q,Q,Q
Q,Q,Q,Q
Q,Q,None,Q
Q,Q,Q,Q
Q,Q,Q,Q
Q,None,Q,Q
Q,Q,Q,Q
Q,Q,Q,Q
Q,Q,Q,Q
Q,Q,Q,Q
Q,Q,Q,Q
Q,Q,Q,Q
Q,Q,None,Q
Q,Q,Q,Q
Q,Q,Q,Q
Q,Q,Q,Q
Q,Q,Q,Q
Q,Q,Q,Q
Q,Q,Q,Q
Q,Q,Q,Q
Q,Q,Q,Q
Q,Q,Q,Q
Q,Q,Q,Q
Q,Q,Q,Q
Q,Q,Q,Q
Q,Q,Q,Q
Q,Q,None,Q
Q,Q,Q,Q
Q,Q,Q,Q
Q,Q,Q,Q
Q,Q,Q,Q
Q,Q,P,Mismatch
Q,None,Q,Q
Q,Q,Q,Q
Q,Q,Q,Q
Q,Q,Q,Q
Q,Q,Q,Q
Q,Q,Q,Q
Q,Q,Q,Q
Q,Q,Q,Q
Q,Q,Q,Q
Q,Q,Z,Mismatch
Q,Q,Q,Q
Q,Q,Q,Q
Q,Q,Q,Q
Q,None,Q,Q
Q,Q,Q,Q
Q,Q,Q,Q
Q,Q,None,Q
Q,None,None,None
Q,None,Q,Q
Q,Q,Q,Q
Q,Q,Q,Q
Q,Q,Q,Q
Q,Q,Q,Q
Q,Q,Q,Q
Q,Q,None,Q
Q,Q,Q,Q
Q,Q,Q,Q
Q,Q,Q,Q
Q,Q,Q,Q
Q,Q,Q,Q
Q,Q,Q,Q
Q,Q,Q,Q
Q,Q,Q,Q
R,R,R,R
R,R,None,R
R,None,R,R
R,R,None,R
R,None,R,R
R,R,R,R
R,R,R,R
R,R,R,R
R,R,R,R
R,R,R,R
R,R,R,R
R,None,R,R
R,R,R,R
R,R,R,R
R,R,R,R
R,None,R,R
R,None,R,R
R,R,R,R
R,R,R,R
R,R,R,R
R,None,R,R
R,None,R,R
R,None,R,R
R,None,None,None
R,R,R,R
R,R,R,R
R,None,R,R
R,None,None,None
R,R,R,R
R,R,R,R
R,R,R,R
R,None,R,R
R,None,R,R
R,R,R,R
R,R,R,R
R,R,R,R
R,R,R,R
R,R,R,R
R,None,R,R
R,R,R,R
R,R,R,R
R,R,R,R
R,None,R,R
R,R,R,R
R,None,R,R
R,R,R,R
R,R,R,R
R,R,R,R
R,None,R,R
R,R,R,R
R,R,R,R
R,R,R,R
R,R,R,R
R,R,R,R
R,R,R,R
R,None,R,R
R,R,R,R
R,R,R,R
R,None,None,None
R,R,R,R
R,R,R,R
R,R,R,R
R,R,R,R
R,None,R,R
R,R,None,R
R,R,R,R
R,R,R,R
R,R,R,R
R,None,None,None
R,None,R,R
R,R,R,R
R,None,None,None
R,R,R,R
R,R,R,R
R,None,R,R
R,None,R,R
R,None,None,None
R,R,R,R
R,R,R,R
R,R,R,R
R,R,R,R
R,None,R,R
R,R,R,R
R,None,R,R
R,R,R,R
R,None,None,None
R,R,R,R
R,None,R,R
R,R,R,R
R,R,None,R
R,R,R,R
R,R,R,R
R,R,R,R
R,None,R,R
R,R,R,R
R,None,R,R
R,None,None,None
R,R,R,R
R,None,R,R
R,None,R,R
S,S,S,S
S,S,S,S
S,S,S,S
S,S,S,S
S,S,S,S
S,S,S,S
S,S,S,S
S,S,S,S
S,S,S,S
S,S,S,S
S,S,S,S
S,S,S,S
S,S,S,S
S,S,S,S
S,S,S,S
S,S,S,S
S,S,S,S
S,S,S,S
S,S,S,S
S,S,S,S
S,S,S,S
S,S,S,S
S,S,S,S
S,None,S,S
S,S,S,S
S,S,S,S
S,S,S,S
S,S,S,S
S,S,S,S
S,S,S,S
S,S,S,S
S,S,S,S
S,S,S,S
S,S,S,S
S,S,None,S
S,S,S,S
S,None,S,S
S,S,S,S
S,S,S,S
S,S,S,S
S,S,None,S
S,S,S,S
S,S,S,S
S,S,S,S
S,S,S,S
S,S,S,S
S,S,S,S
S,S,S,S
S,S,S,S
S,S,S,S
S,S,None,S
S,S,S,S
S,S,S,S
S,S,None,S
S,S,S,S
S,S,None,S
S,S,S,S
S,S,S,S
S,S,None,S
S,S,S,S
S,S,S,S
S,None,S,S
S,S,S,S
S,S,S,S
S,S,S,S
S,S,None,S
S,S,S,S
S,S,S,S
S,S,S,S
S,S,S,S
S,S,S,S
S,S,S,S
S,S,S,S
S,S,S,S
S,S,S,S
S,S,S,S
S,None,S,S
S,S,None,S
S,S,S,S
S,S,S,S
S,S,S,S
S,S,S,S
S,S,S,S
S,None,S,S
S,None,S,S
S,S,S,S
S,S,S,S
S,S,None,S
S,S,S,S
S,S,S,S
S,S,S,S
S,S,S,S
S,None,S,S
S,S,S,S
S,S,S,S
S,S,S,S
S,S,S,S
S,S,S,S
S,S,S,S
S,S,S,S
T,None,T,T
T,None,T,T
T,T,T,T
T,T,T,T
T,T,T,T
T,T,T,T
T,T,None,T
T,None,T,T
T,T,T,T
T,None,T,T
T,T,T,T
T,T,T,T
T,T,T,T
T,T,T,T
T,T,T,T
T,None,None,None
T,T,T,T
T,None,T,T
T,None,T,T
T,T,T,T
T,T,T,T
T,T,T,T
T,T,T,T
T,T,T,T
T,None,T,T
T,T,T,T
T,T,T,T
T,T,T,T
T,T,T,T
T,T,T,T
T,T,T,T
T,T,T,T
T,T,T,T
T,None,T,T
T,T,T,T
T,T,T,T
T,T,T,T
T,T,T,T
T,None,T,T
T,T,T,T
T,None,T,T
T,None,T,T
T,T,T,T
T,T,T,T
T,T,T,T
T,None,T,T
T,T,T,T
T,None,T,T
T,None,T,T
T,None,T,T
T,T,T,T
T,T,T,T
T,T,T,T
T,T,T,T
T,T,T,T
T,T,None,T
T,T,T,T
T,T,T,T
T,T,T,T
T,T,T,T
T,None,T,T
T,T,T,T
T,T,T,T
T,T,T,T
T,None,T,T
T,T,T,T
T,T,T,T
T,T,None,T
T,T,T,T
T,None,T,T
T,None,T,T
T,T,T,T
T,T,T,T
T,T,T,T
T,T,T,T
T,T,T,T
T,T,T,T
T,T,T,T
T,T,T,T
T,T,T,T
T,T,T,T
T,T,T,T
T,T,T,T
T,T,T,T
T,T,T,T
T,T,T,T
T,None,T,T
T,T,T,T
T,None,T,T
T,T,T,T
T,T,T,T
T,T,None,T
T,T,T,T
T,T,T,T
T,T,T,T
T,T,T,T
T,T,T,T
T,T,T,T
T,T,T,T
T,None,T,T
U,None,U,U
U,None,U,U
U,None,U,U
U,None,U,U
U,U,U,U
U,None,U,U
U,None,U,U
U,None,U,U
U,U,None,U
U,None,U,U
U,None,U,U
U,U,U,U
U,None,U,U
U,U,U,U
U,None,U,U
U,U,U,U
U,None,U,U
U,None,U,U
U,None,U,U
U,None,U,U
U,None,U,U
U,None,None,None
U,U,U,U
U,U,U,U
U,None,U,U
U,None,U,U
U,None,U,U
U,None,U,U
U,U,U,U
U,None,None,None
U,None,U,U
U,None,None,None
U,None,U,U
U,U,U,U
U,U,U,U
U,U,U,U
U,U,U,U
U,None,None,None
U,None,U,U
U,None,U,U
U,None,U,U
U,None,None,None
U,None,U,U
U,None,U,U
U,None,U,U
U,U,U,U
U,None,U,U
U,U,U,U
U,None,U,U
U,None,U,U
U,None,U,U
U,None,U,U
U,None,U,U
U,U,U,U
U,None,None,None
U,U,U,U
U,None,U,U
U,None,U,U
U,U,U,U
U,U,U,U
U,None,U,U
U,None,U,U
U,None,U,U
U,None,U,U
U,None,U,U
U,U,U,U
U,None,U,U
U,U,U,U
U,None,U,U
U,U,U,U
U,None,U,U
U,None,U,U
U,U,U,U
U,None,L,L
U,None,U,U
U,U,U,U
U,U,U,U
U,None,None,None
U,None,U,U
U,None,U,U
U,U,U,U
U,None,U,U
U,U,U,U
U,None,None,None
U,U,U,U
U,None,U,U
U,None,U,U
U,None,U,U
U,None,U,U
U,None,U,U
U,U,U,U
U,U,U,U
U,None,U,U
U,None,U,U
U,None,U,U
U,None,None,None
U,None,U,U
U,None,None,None
U,None,U,U
U,None,U,U
V,None,None,None
V,None,V,V
V,V,None,V
V,None,V,V
V,V,V,V
V,None,V,V
V,V,V,V
V,V,V,V
V,None,V,V
V,None,V,V
V,V,V,V
V,V,V,V
V,V,V,V
V,V,V,V
V,None,None,None
V,V,V,V
V,V,V,V
V,None,V,V
V,V,V,V
V,V,V,V
V,None,V,V
V,V,V,V
V,None,V,V
V,V,V,V
V,None,V,V
V,None,None,None
V,V,None,V
V,V,V,V
V,V,V,V
V,None,None,None
V,V,V,V
V,None,V,V
V,None,V,V
V,V,None,V
V,None,V,V
V,V,V,V
V,None,V,V
V,None,V,V
V,V,V,V
V,V,V,V
V,V,V,V
V,None,V,V
V,None,V,V
V,V,V,V
V,None,V,V
V,V,None,V
V,V,None,V
V,V,V,V
V,None,V,V
V,V,V,V
V,V,V,V
V,None,V,V
V,V,V,V
V,V,V,V
V,None,V,V
V,V,None,V
V,V,V,V
V,None,None,None
V,None,V,V
V,None,V,V
V,V,V,V
V,V,V,V
V,None,None,None
V,V,V,V
V,V,None,V
V,None,V,V
V,V,V,V
V,None,V,V
V,V,V,V
V,None,V,V
V,V,V,V
V,V,None,V
V,None,V,V
V,V,V,V
V,V,V,V
V,V,V,V
V,None,V,V
V,None,V,V
V,V,V,V
V,None,V,V
V,V,V,V
V,V,V,V
V,None,V,V
V,V,V,V
V,None,None,None
V,None,V,V
V,None,V,V
V,V,V,V
V,None,None,None
V,V,V,V
V,V,V,V
V,V,V,V
V,V,V,V
V,None,V,V
V,None,None,None
V,V,V,V
V,V,V,V
V,None,V,V
V,None,V,V
V,V,V,V
W,None,W,W
W,None,W,W
W,W,W,W
W,None,W,W
W,None,W,W
W,None,W,W
W,None,W,W
W,W,W,W
W,W,W,W
W,W,W,W
W,W,W,W
W,W,W,W
W,None,W,W
W,W,W,W
W,None,W,W
W,W,W,W
W,W,W,W
W,W,W,W
W,W,W,W
W,W,W,W
W,W,W,W
W,None,W,W
W,None,W,W
W,None,W,W
W,W,W,W
W,W,W,W
W,W,W,W
W,W,W,W
W,W,W,W
W,None,W,W
W,W,W,W
W,None,W,W
W,W,W,W
W,W,W,W
W,W,W,W
W,W,None,W
W,W,W,W
W,None,None,None
W,None,W,W
W,W,W,W
W,None,W,W
W,W,W,W
W,None,W,W
W,None,W,W
W,W,W,W
W,W,W,W
W,W,W,W
W,None,W,W
W,W,W,W
W,None,None,None
W,None,W,W
W,W,W,W
W,W,W,W
W,W,W,W
W,None,W,W
W,None,W,W
W,None,W,W
W,None,W,W
W,W,W,W
W,None,W,W
W,None,W,W
W,W,None,W
W,None,W,W
W,None,None,None
W,None,W,W
W,W,W,W
W,W,W,W
W,None,W,W
W,W,None,W
W,W,W,W
W,None,W,W
W,None,W,W
W,W,W,W
W,None,W,W
W,W,W,W
W,None,W,W
W,W,W,W
W,None,W,W
W,W,W,W
W,None,W,W
W,W,W,W
W,W,W,W
W,None,W,W
W,W,W,W
W,W,W,W
W,W,W,W
W,None,W,W
W,W,W,W
W,W,W,W
W,W,W,W
W,W,W,W
W,W,W,W
W,None,W,W
W,W,W,W
W,W,W,W
W,None,W,W
W,None,W,W
W,W,W,W
W,W,W,W
W,None,W,W
X,None,X,X
X,X,None,X
X,X,X,X
X,D,None,D
X,None,X,X
X,None,X,X
X,None,X,X
X,X,X,X
X,X,X,X
X,X,X,X
X,X,X,X
X,None,X,X
X,None,X,X
X,X,X,X
X,X,X,X
X,X,X,X
X,X,X,X
X,X,X,X
X,None,None,None
X,X,X,X
X,X,X,X
X,X,X,X
X,X,None,X
X,X,X,X
X,X,X,X
X,X,None,X
X,X,X,X
X,X,None,X
X,X,X,X
X,X,X,X
X,X,X,X
X,X,X,X
X,None,X,X
X,X,X,X
X,None,None,None
X,None,X,X
X,X,X,X
X,None,X,X
X,X,X,X
X,X,X,X
X,X,X,X
X,None,X,X
X,X,X,X
X,X,X,X
X,X,X,X
X,None,X,X
X,X,X,X
X,X,X,X
X,None,X,X
X,X,X,X
X,X,X,X
X,X,X,X
X,None,X,X
X,X,X,X
X,X,X,X
X,X,X,X
X,None,X,X
X,X,X,X
X,None,X,X
X,None,X,X
X,X,X,X
X,X,None,X
X,X,X,X
X,None,X,X
X,X,X,X
X,X,None,X
X,X,X,X
X,X,X,X
X,None,X,X
X,X,X,X
X,None,X,X
X,X,X,X
X,None,X,X
X,X,X,X
X,X,X,X
X,X,X,X
X,X,X,X
X,None,X,X
X,X,X,X
X,None,X,X
X,None,X,X
X,None,None,None
X,X,None,X
X,None,X,X
X,X,None,X
X,None,None,None
X,None,None,None
X,None,X,X
X,None,X,X
X,X,None,X
X,None,X,X
X,None,X,X
X,None,S,S
X,X,X,X
X,X,None,X
X,None,X,X
X,None,X,X
X,None,X,X
X,X,X,X
X,None,None,None
Y,Y,Y,Y
Y,Y,Y,Y
Y,Y,None,Y
Y,Y,Y,Y
Y,Y,Y,Y
Y,Y,Y,Y
Y,None,Y,Y
Y,Y,Y,Y
Y,Y,None,Y
Y,Y,Y,Y
Y,Y,Y,Y
Y,None,Y,Y
Y,Y,Y,Y
Y,Y,Y,Y
Y,None,Y,Y
Y,Y,Y,Y
Y,Y,Y,Y
Y,Y,Y,Y
Y,Y,None,Y
Y,None,Y,Y
Y,Y,Y,Y
Y,Y,Y,Y
Y,None,None,None
Y,Y,Y,Y
Y,Y,Y,Y
Y,Y,None,Y
Y,Y,Y,Y
Y,None,Y,Y
Y,None,Y,Y
Y,Y,Y,Y
Y,Y,Y,Y
Y,Y,Y,Y
Y,Y,Y,Y
Y,Y,Y,Y
Y,None,Y,Y
Y,Y,None,Y
Y,Y,Y,Y
Y,None,Y,Y
Y,None,Y,Y
Y,None,Y,Y
Y,I,Y,Mismatch
Y,None,Y,Y
Y,Y,Y,Y
Y,Y,Y,Y
Y,Y,K,Mismatch
Y,Y,Y,Y
Y,Y,Y,Y
Y,Y,Y,Y
Y,Y,None,Y
Y,Y,Y,Y
Y,Y,None,Y
Y,None,Y,Y
Y,Y,Y,Y
Y,None,Y,Y
Y,None,Y,Y
Y,None,Y,Y
Y,Y,Y,Y
Y,Y,Y,Y
Y,Y,Y,Y
Y,Y,None,Y
Y,Y,None,Y
Y,Y,Y,Y
Y,Y,Y,Y
Y,Y,None,Y
Y,Y,Y,Y
Y,Y,Y,Y
Y,Y,Y,Y
Y,Y,Y,Y
Y,Y,Y,Y
Y,None,None,None
Y,Y,Y,Y
Y,Y,Y,Y
Y,Y,Y,Y
Y,Y,None,Y
Y,Y,Y,Y
Y,Y,None,Y
Y,Y,Y,Y
Y,Y,Y,Y
Y,Y,Y,Y
Y,Y,Y,Y
Y,None,Y,Y
Y,Y,Y,Y
Y,Y,Y,Y
Y,Y,Y,Y
Y,Y,Y,Y
Y,Y,Y,Y
Y,Y,Y,Y
Y,Y,Y,Y
Y,Y,Y,Y
Y,Y,Y,Y
Y,Y,Y,Y
Y,Y,None,Y
Y,Y,Y,Y
Y,Y,Y,Y
Y,None,None,None
Y,Y,Y,Y
Y,Y,Y,Y
Y,Y,Y,Y
Y,Y,None,Y
Y,Y,None,Y
Z,None,Z,Z
Z,Z,None,Z
Z,Z,Z,Z
Z,None,Z,Z
Z,Z,None,Z
Z,Z,Z,Z
Z,Z,Z,Z
Z,D,Z,Mismatch
Z,Z,Z,Z
Z,None,Z,Z
Z,Z,Z,Z
Z,Z,Z,Z
Z,Z,Z,Z
Z,None,None,None
Z,Z,Z,Z
Z,Z,Z,Z
Z,Z,Z,Z
Z,None,Z,Z
Z,Z,Z,Z
Z,Z,Z,Z
Z,None,Z,Z
Z,Z,Z,Z
Z,Z,Z,Z
Z,None,Z,Z
Z,Z,Z,Z
Z,None,Z,Z
Z,Z,Z,Z
Z,Z,Z,Z
Z,Z,Z,Z
Z,None,None,None
Z,Z,Z,Z
Z,None,Z,Z
Z,None,Z,Z
Z,None,Z,Z
Z,Z,Z,Z
Z,None,Z,Z
Z,None,Z,Z
Z,Z,Z,Z
Z,None,Z,Z
Z,Z,None,Z
Z,Z,Z,Z
Z,Z,Z,Z
Z,Z,None,Z
Z,Z,Z,Z
Z,Z,Z,Z
Z,Z,Z,Z
Z,Z,Z,Z
Z,None,Z,Z
Z,None,None,None
Z,None,Z,Z
Z,Z,Z,Z
Z,Z,Z,Z
Z,Z,Z,Z
Z,None,None,None
Z,Z,Z,Z
Z,Z,Z,Z
Z,Z,Z,Z
Z,None,Z,Z
Z,None,None,None
Z,None,Z,Z
Z,Z,Z,Z
Z,Z,Z,Z
Z,None,Z,Z
Z,None,Z,Z
Z,Z,Z,Z
Z,Z,None,Z
Z,D,Z,Mismatch
Z,Z,Z,Z
Z,None,Z,Z
Z,Z,Z,Z
Z,Z,Z,Z
Z,None,Z,Z
Z,None,None,None
Z,None,Z,Z
Z,None,Z,Z
Z,None,Z,Z
Z,None,Z,Z
Z,None,Z,Z
Z,Z,Z,Z
Z,Z,Z,Z
Z,Z,None,Z
Z,Z,Z,Z
Z,None,Z,Z
Z,Z,Z,Z
Z,Z,Z,Z
Z,Z,None,Z
Z,Z,Z,Z
Z,Z,Z,Z
Z,Z,Z,Z
Z,Z,Z,Z
Z,None,None,None
Z,None,P,P
Z,Z,Z,Z
Z,Z,Z,Z
Z,Z,Z,Z
Z,None,Z,Z
Z,Z,Z,Z
Z,Z,Z,Z
Z,Z,Z,Z
Z,Z,Z,Z
